{
  "hosting": {
    "public": "public",
    "ignore": [
      "firebase.json",
      "**/.*",
      "**/node_modules/**"
    ]
  },
  "flutter": {
    "platforms": {
      "android": {
        "default": {
          "projectId": "tutoringtutor-1",
          "appId": "1:408882363917:android:2ac43d8bc7a2c6be10df44",
          "fileOutput": "android/app/google-services.json"
        }
      },
      "dart": {
        "lib/firebase_options.dart": {
          "projectId": "tutoringtutor-1",
          "configurations": {
            "android": "1:408882363917:android:2ac43d8bc7a2c6be10df44",
            "ios": "1:408882363917:ios:61b4c85c0f6c3b8210df44",
            "macos": "1:408882363917:ios:61b4c85c0f6c3b8210df44",
            "web": "1:408882363917:web:8ce4bcae806d88e010df44",
            "windows": "1:408882363917:web:ed466bfc102722f010df44"
          }
        }
      }
    }
  }
}
