{
  "project_info": {
    "project_number": "408882363917",
    "firebase_url": "https://tutoringtutor-1-default-rtdb.europe-west1.firebasedatabase.app",
    "project_id": "tutoringtutor-1",
    "storage_bucket": "tutoringtutor-1.appspot.com"
  },
  "client": [
    {
      "client_info": {
        "mobilesdk_app_id": "1:408882363917:android:2ac43d8bc7a2c6be10df44",
        "android_client_info": {
          "package_name": "com.tutoringtutor.app"
        }
      },
      "oauth_client": [],
      "api_key": [
        {
          "current_key": "AIzaSyBq8aoRDgAU432p-WsCLYwwHiCf085EXnI"
        }
      ],
      "services": {
        "appinvite_service": {
          "other_platform_oauth_client": []
        }
      }
    }
  ],
  "configuration_version": "1"
}